Model,Threshold,Accuracy,Precision,Recall,F1,ROC_AUC
Logistic Regression,0.55,0.7530163236337828,0.5242537313432836,0.7513368983957219,0.6175824175824176,0.8416388953473353
