Threshold,Accuracy,Precision,Recall,F1
0.3,0.6543647977288858,0.42998760842627015,0.9278074866310161,0.5876375952582558
0.35,0.6777856635911994,0.4470899470899471,0.9037433155080213,0.5982300884955752
0.4,0.7012065294535131,0.46618705035971225,0.8663101604278075,0.6061739943872778
0.45,0.7182398864442867,0.48228043143297383,0.8368983957219251,0.6119257086999023
0.5,0.7381121362668559,0.504302925989673,0.7834224598930482,0.6136125654450262
0.55,0.7530163236337828,0.5242537313432836,0.7513368983957219,0.6175824175824176
0.6,0.7622427253371186,0.5398773006134969,0.7058823529411765,0.6118192352259559
0.65,0.7771469127040455,0.5681818181818182,0.6684491978609626,0.6142506142506142
0.7,0.7885024840312278,0.6016042780748663,0.6016042780748663,0.6016042780748663
