Model,Accuracy,Precision,Recall,F1,ROC_AUC
Logistic Regression,0.7381121362668559,0.504302925989673,0.7834224598930482,0.6136125654450262,0.8416388953473353
Gradient Boosting,0.8026969481902059,0.6655172413793103,0.516042780748663,0.5813253012048193,0.8433658839029683
Random Forest,0.7828246983676366,0.6188811188811189,0.4732620320855615,0.5363636363636364,0.823214239582526
Dummy Baseline,0.7345635202271115,0.0,0.0,0.0,0.5
