Risk_Factor_Count,Customer_Count,Churn_Rate,Churn_Rate_%,Customer_Share_%
0,1376,0.025436046511627907,2.5436046511627906,19.53712906431918
1,1150,0.08347826086956522,8.347826086956523,16.328269203464433
2,1762,0.20488081725312146,20.488081725312146,25.01774811869942
3,1197,0.3483709273182957,34.83709273182957,16.995598466562544
4,1018,0.5618860510805501,56.188605108055015,14.454067868805906
5,540,0.7185185185185186,71.85185185185186,7.667187278148516
