OnlineSecurity,TechSupport,Customer_Count,Churn_Rate,Churn_Rate_%
No,No,2553,0.48962005483744614,48.96200548374461
No,Yes,945,0.22328042328042327,22.328042328042326
Yes,No,920,0.21304347826086956,21.304347826086957
Yes,Yes,1099,0.09008189262966333,9.008189262966333
No internet service,No internet service,1526,0.07404980340760157,7.404980340760157
